<?xml version="1.0" encoding="UTF-8"?>
<!DOCTYPE configuration PUBLIC "-//mybatis.org//DTD Config 3.0//EN" "HTTP://mybatis.org/dtd/mybatis-3-config.dtd">

<configuration>
    <settings>
        <setting name="cacheEnabled"                     value="true"/>
        <setting name="defaultExecutorType"              value="SIMPLE"/>
        <setting name="mapUnderscoreToCamelCase"         value="true" />
        <setting name="jdbcTypeForNull"                  value="OTHER" />
        <setting name="defaultStatementTimeout"          value="25000"/>
        <setting name="autoMappingUnknownColumnBehavior" value="WARNING" />
        <setting name="returnInstanceForEmptyRow"        value="true" />
        <setting name="callSettersOnNulls"               value="true"/>
    </settings>
</configuration>