<?xml version="1.0" encoding="UTF-8"?>
<Configuration status="debug">
    <Properties>
        <Property name="LOG_EXCEPTION_CONVERSION_WORD">%xwEx</Property>
        <Property name="LOG_LEVEL_PATTERN">%5p</Property>
        <Property name="LOG_DATEFORMAT_PATTERN">yyyy-MM-dd HH:mm:ss.SSS</Property>
        <Property name="CONSOLE_LOG_PATTERN">%clr{%d{${sys:LOG_DATEFORMAT_PATTERN}}}{faint} %clr{${sys:LOG_LEVEL_PATTERN}} %clr{%pid}{magenta} %clr{---}{faint} %clr{[%t]}{faint} %clr{%c}{cyan} %clr{:}{faint} %m%n${sys:LOG_EXCEPTION_CONVERSION_WORD}</Property>
    </Properties>

    <Appenders>
        <Console name="Console" target="SYSTEM_OUT" follow="true">
            <PatternLayout pattern="${sys:CONSOLE_LOG_PATTERN}" />
        </Console>
    </Appenders>

    <Loggers>
        <Logger name="org.springframework" level="info"/>
        <Root level="debug">
            <AppenderRef ref="Console"/>
        </Root>
    </Loggers>
</Configuration>